trigger,Ko,Rej
5,0.00001040620710550569022210098702505928125578,0.00783920047368283062587695891171225232573000
10,0.0000203373301331409168586070146957697339412,0.0044971407120114942850316748864425842321900
15,0.0000297944638290316165972243072731021521782,0.0033624689304369338297301635150875982743800
20,0.0000388107266303054589383873475031367376096,0.0027819755256481391501911772936678361267200
25,0.0000474162403327315047387058359507668408872,0.0024240684635073158268775436111485394489100
30,0.0000556384467622928697813577141095292865746,0.0021780429010470818928513874213009544350500
35,0.000063502397317901153659056013595317006970,0.001996384479545885482773720948463545257470
40,0.000071031007223582680846168905223868014186,0.001855295380183516548545977128257739819440
45,0.000078245278314823542912438439363693988094,0.001741526196979565914853683217581821795760
50,0.000085164494602067177056249177313479984114,0.001647105739751296881131684988698579300370
55,0.000091806394359986773741111722287243408794,0.001566944373423843118722938625614682065080
60,0.000098187321948094441865845550500712477414,0.001497635160403288021715632659497600052270
65,0.000104322362087586085647937561847500343196,0.001436808024606697896712736345830602024650
70,0.000110225458912255657438787037869346485702,0.001382760511206376042124851057137294036470
75,0.000115909521769227533342931942974883571264,0.001334236107934290265439604283702803720240
80,0.000121386519458024428901656909720097022696,0.001290285595365024211270263971380769345950
85,0.000126667564355366081978961757760082699544,0.001250177254281472551606964246800600595170
90,0.000131762987669716455857061768172390805066,0.001213336941623954122920292450663478761590
95,0.000136682406897808095583041333884356714432,0.001179307039237380479021044805028897090680
100,0.000141434786409822148405554099245397103576,0.001147717676373969977006697677627492302740
105,0.000146028491966152442491672523866006412666,0.001118266139752460824144692246012792274190
110,0.000150471339863221651193127081890092055364,0.001090701870088139072220220760690352663150
115,0.000154770641315706807507357598304705132344,0.001064815348151058404439513913070641320580
120,0.000158933242605276307659282541206737924870,0.001040429738608145717486119277776235490120
125,0.000162965561459577859831705394861485023120,0.001017394521709069439455928339391380124270
130,0.000166873620068079574948157936663833450080,0.000995580579496836677518943860907491924480
135,0.000170663075091966553450416949653841551614,0.000974876361014471070595652182886691797700
140,0.000174339244982644907976038593191665353574,0.000955184858084590257219587007777534990420
145,0.000177907134886254418271964774458711679252,0.000936421197130741769282426334728896117950
150,0.000181371459379509875309451761334283486456,0.000918510704254953884121938480816456618760
155,0.000184736663253975819143610930581807655462,0.000901387337525543610906544968299250951230
160,0.000188006940541486939627399754531801286936,0.000884992406849786905164037800092142163470
165,0.000191186251951943222471563227927786399836,0.000869273521032397847400376425851980469940
170,0.000194278340875921817285383000416710530948,0.000854183715767274118838414144708456171940
175,0.000197286748088036884986004343239253188846,0.000839680726826637489004476055099922421690
180,0.00020021482527248483906603470715041652301,0.00082572638060583869384155865320529138589
185,0.00020306574747940255254464605178875688464,0.00081228608016154773083039835644443408668
190,0.00020584252460933994788445232679156631059,0.00079932836944895528795632974777328695755
195,0.00020854801201319510241276255992600277319,0.00078682456198138764475121094649080401655
200,0.00021118492028609891421568029519991114325,0.00077474842286531761365899869180276722141
205,0.00021375582432581862870402591115633419762,0.00076307589529700737082464798941003418000
210,0.00021626317171938511447860726789366474571,0.00075178486428562723636063739036528934821
215,0.00021870929051529289288311576860922127168,0.00074085495169697863402343688419698451822
220,0.00022109639643320978205259005433935839879,0.00073026733777119255924661335245223116101
225,0.00022342659955808307812949325046623661501,0.00072000460511664296416533707445960171161
230,0.00022570191056118523724380540891749097244,0.00071005060186648428078573443715193317364
235,0.00022792424648661743387507221040306143715,0.00070039032123845641587589732262500067335
240,0.00023009543613830443867298136000890503502,0.00069100979519000025582826560369442151732
245,0.00023221722509927909863768775522179923642,0.00068189600022996366035999803904688799970
250,0.00023429128041220591999709040335937276398,0.00067303677375179703372893299496375892102
255,0.00023631919494753119568668114561441950455,0.00066442073950378188070439405738726227387
260,0.00023830249148330492205126124016444040645,0.00065603724101965015762035169386421057049
265,0.00024024262651865746831690683580927045317,0.00064787628200604017855112893536352831965
270,0.00024214099384095839694840648579404863337,0.00063992847282781081785782408807572699559
275,0.00024399892786507196186532185351201968200,0.00063218498235365091510685255596816764720
280,0.00024581770676146562284647580682173198468,0.00062463749452654107938117590590886766668
285,0.00024759855538863549249737526138984968183,0.00061727816911001429882397375198359494767
290,0.00024934264804393991440310540138503438522,0.00061009960613432522806388138956879472152
295,0.00025105111104585969311643570121278123020,0.00060309481362895319349533177637184564070
300,0.00025272502515959074906162927516604210701,0.00059625717828092889661977108105322316555
305,0.00025436542787696030787440886496057935428,0.00058958043870400163233942687393681648058
310,0.00025597331556077307700130971184885803658,0.00058305866104266243357406890462287972718
315,0.00025754964546289365888049552715229126467,0.00057668621666862519729061603377901265323
320,0.00025909533762466116998554266561324413659,0.00057045776175638567956468436843072922557
325,0.00026061127666755321259564970936713853816,0.00056436821854954542538998734948204381076
330,0.00026209831348144012325574514023945150290,0.00055841275815137099868845575252354385224
335,0.00026355726681717899048123337949167242850,0.00055258678469198431662766459254825229052
340,0.00026498892478982861322325170254221931576,0.00054688592074109244687876423628832423144
345,0.00026639404629826626839096465445086677484,0.00054130599384957146640699896081174828578
350,0.00026777336236660482821151554004092706373,0.00053584302411588397491293285841152236551
355,0.00026912757741235867670148884320580713691,0.00053049321268436351382898020036889640187
360,0.00027045737044600901068415242867188928501,0.00052525293109216583430344237844772405671
365,0.00027176339620624922362265224975487970472,0.00052011871139029547956431798396982004934
370,0.00027304628623489916825599575847270816860,0.00051508723697168339312846430867605678724
375,0.00027430664989518960497822379360760425394,0.00051015533404602543853844335126553596144
380,0.00027554507533688219596455607373569961155,0.00050531996370704487091601235795730094219
385,0.00027676213041142374940719387412129415223,0.00050057821454312297451422960278287327961
390,0.00027795836354012131801540561561974736534,0.00049592729574695739872172320735296935774
395,0.00027913430453815199782820950023729535496,0.00049136453068410239153953238364637615588
400,0.00028029046539697942890034937963618079494,0.00048688735088397530409510179724828796134
405,0.00028142734102761858500938173672082738727,0.00048249329042028089640390744460789383919
410,0.00028254540996701947520236812048124735675,0.00047817998065079727127965302468755393837
415,0.00028364513504967625034384374647574694206,0.00047394514528914914722732222977618475852
420,0.00028472696404645353892745062370638840991,0.00046978659578362795251497344524291482539
425,0.00028579133027247760596704951688294986701,0.00046570222698027637989886385284268862349
430,0.00028683865316581638968516452517279751893,0.00046169001304942545248169091159884151437
435,0.00028786933883859656327482084244119847668,0.00045774800365664293801209125752470975710
440,0.00028888378060205004682720343890347183775,0.00045387432036062990457541837431053037019
445,0.00028988235946693774114289906711707195919,0.00045006715322207560446162677408490306237
450,0.00029086544462067511985371950921374428491,0.00044632475760876498022035374532819704595
455,0.00029183339388242597911504933462163255545,0.00044264545118343865135680955726111535257
460,0.00029278655413732882149993838974627795655,0.00043902761106197567204573348735073979323
465,0.00029372526175097790266824977314829462418,0.00043546967113044377952889698912426540832
470,0.00029464984296518796955517458956201525847,0.00043197011951046760250910592622174151135
475,0.00029556061427602025343831928042475480695,0.00042852749616317618942537983261651418869
480,0.00029645788279501369742708736390820196639,0.00042514039062272199938030214397704641763
485,0.00029734194659444057547419641981105969156,0.00042180743985104797757455599691280657018
490,0.00029821309503745579701812389654840635361,0.00041852732620621611237749057345080408341
495,0.00029907160909386352198305618081387760261,0.00041529877551714013666273054772787838883
500,0.00029991776164225689535497294571430956937,0.00041212055525812705976707874861636427021
505,0.00030075181775918786538001105199701632017,0.00040899147281707549407035019612931793947
510,0.00030157403499603505295388226778927964069,0.00040591037385163969450035957644890634713
515,0.00030238466364415496846939298482559289240,0.00040287614072805359614276179739617078814
520,0.00030318394698890542698226610874739601303,0.00039988769103769159423264647385170987843
525,0.00030397212155307994099298065169657637419,0.00039694397618677525986714083174481840455
530,0.00030474941733025403522659163990524124609,0.00039404398005495146241640624250294055461
535,0.00030551605800854042494465788561471449516,0.00039118671771875775716610538141614638006
540,0.00030627226118521017383411823879748806280,0.00038837123423626012986141112344972716802
545,0.00030701823857259262895679070064305704541,0.00038559660348938333777295247865660821593
550,0.00030775419619569797456407397101766412454,0.00038286192708070466136181365422930673670
555,0.00030848033458190988330017790723225534123,0.00038016633328166222295858323543395163097
560,0.00030919684894315395717292342245652170511,0.00037750897602935662938675607132665716225
565,0.00030990392935085499477576830949462088969,0.00037488903396928225487116550665131932993
570,0.00031060176090404096549869446785749924920,0.00037230570954149999278919987967947861410
575,0.00031129052389088405238757027686337633251,0.00036975822810792704311522479511946569717
580,0.00031197039394399286489558776843435186795,0.00036724583711854889011899023369160807829
585,0.00031264154218971999127528305221531250686,0.00036476780531450532122230127384639338096
590,0.00031330413539176375754125621311933580433,0.00036232342196612352969035996695055704785
595,0.00031395833608931618019512779124799529776,0.00035991199614408785809389020786196767948
600,0.00031460430272999218793416720554857637269,0.00035753285602204065385307361816268763405
605,0.00031524218979776448489994356067241542861,0.00035518534820901742878743014923775401809
610,0.00031587214793614002038562409043875530046,0.00035286883711020806127722818007047822060
615,0.00031649432406676183079798750804963135024,0.00035058270431462347813147305759630425002
620,0.00031710886150364714003421377863760643968,0.00034832634800833516590722118947515654986
625,0.00031771590006324316539931164573424841364,0.00034609918241202037660372620698214004666
630,0.00031831557617047353524216925253543340427,0.00034390063724163609352501875117839186527
635,0.00031890802296095934227978578557833531931,0.00034173015719108742763336157866901017215
640,0.00031949337037955448167825330909987702658,0.00033958720143584197358901023846485754698
645,0.00032007174527536680802610718892452930930,0.00033747124315648588420722033126751012748
650,0.00032064327149340455401845500581520180841,0.00033538176908128087675756206499675431675
655,0.00032120806996297720462941904555955556592,0.00033331827904682077994656625419248185960
660,0.00032176625878300593865403767355158201734,0.00033128028557595721581642687047893159100
665,0.00032231795330434530688854896626296897556,0.00032926731347217994824699364856614522404
670,0.00032286326620925333351726898838791810153,0.00032727889942970722095042768398346480923
675,0.00032340230758812140729417339125743240657,0.00032531459165856559476055436651397753177
680,0.00032393518501356483996098743434605837678,0.00032337394952397760311645365587743105774
685,0.00032446200361199513760289948833200316153,0.00032145654319942141980090328306360952019
690,0.00032498286613275822927589459863461990494,0.00031956195333274450701332442841861312346
695,0.00032549787301494251526483734866753658938,0.00031768977072476098952299348886750573314
700,0.00032600712245194978410090307555338114069,0.00031583959601977471902772012087316289905
705,0.00032651071045390468698737991655711001569,0.00031401103940751803109825422969429127725
710,0.00032700873090800637208752317284023570447,0.00031220372033599881321189743970880369541
715,0.00032750127563687401431010869245703705980,0.00031041726723479868992512628983206449652
720,0.00032798843445499344910678555381667449392,0.00030865131724836259558578213659535257434
725,0.00032847029522331030024635878442962079361,0.00030690551597886730637378673087495920769
730,0.00032894694390206125093404629931251233028,0.00030517951723825517576602225548652279396
735,0.00032941846460189106509794013836784384404,0.00030347298280905374698521104272537581158
740,0.00032988493963333632738132763953415794283,0.00030178558221361713113121401254045659605
745,0.00033034644955472430422022509040611561909,0.00030011699249143194615917240503634284863
750,0.00033080307321855237391342307356492130157,0.00029846689798416945344675110654608418411
755,0.00033125488781640156941485599558353433372,0.00029683499012815630724810180542056330898
760,0.00033170196892243772973269201399423444017,0.00029522096725396683504992336441892369755
765,0.00033214439053555469787598797844625918443,0.00029362453439285481109966198808009152545
770,0.00033258222512020614500222913555069606218,0.00029204540308974197228145044919237518484
775,0.00033301554364596904084895067440437547680,0.00029048329122250694349397625714694101720
780,0.00033344441562589894491165156526641224271,0.00028893792282732811054381123831333344515
785,0.00033386890915370077329393533345974992498,0.00028740902792983727887890165221426138626
790,0.00033428909093977113086956350679509618098,0.00028589634238185723589490316698292324270
795,0.00033470502634615197299207501628322598786,0.00028439960770351367008492648617517449832
800,0.00033511677942041952885058060941400682989,0.00028291857093050330883330840330300430791
805,0.00033552441292856763358729966077373838353,0.00028145298446632991182574010529596058743
810,0.00033592798838689924869184980739812293375,0.00028000260593931224155845107074743827613
815,0.00033632756609297784199015664238011719098,0.00027856719806418700091832637029155920626
820,0.00033672320515565854946954877373752812988,0.00027714652850813238768324713975743067760
825,0.00033711496352423825352313402184143811855,0.00027574036976104432918010871494193645605
830,0.00033750289801674886970835910215757816210,0.00027434849900991234588962389666819562204
835,0.00033788706434743229259285137066478527618,0.00027297069801713821329627670704979513820
840,0.00033826751715341083641946617808841793229,0.00027160675300265222171368867573686036353
845,0.00033864431002059460238145788970342228944,0.00027025645452969550865821249091688184122
850,0.00033901749550884014049280952962625024583,0.00026891959739412297209344481927093364681
855,0.00033938712517639288570272755903081860037,0.00026759598051711027083144776955070632213
860,0.00033975324960363311645762751511565682018,0.00026628540684113546658771338732059897838
865,0.00034011591841614957601333647114738959234,0.00026498768322912187350951147918888785546
870,0.00034047518030716013938291654995231090968,0.00026370262036662660644292400479635362038
875,0.00034083108305931243890734396055896812765,0.00026243003266697184609700910495298430187
880,0.00034118367356586240903057725795693294326,0.00026116973817920687560125222635550535898
885,0.00034153299785127687436550939877462505247,0.00025992155849881213683692067639134441367
890,0.00034187910109125824118869838533035385411,0.00025868531868104062303316072501789748133
895,0.00034222202763222137233409556290944955790,0.00025746084715681157802517790705235681010
900,0.00034256182101023582482111370882184658273,0.00025624797565106458839620061054855767241
905,0.00034289852396944749561263908365328275792,0.00025504653910349124117354315790168984248
910,0.00034323217848001132082220967815626598312,0.00025385637559156505447100386161035919370
915,0.00034356282575552263427249337441573559626,0.00025267732625578731230266723525873194048
920,0.00034389050626999402521275979825294223080,0.00025150923522707880744232908453270871744
925,0.00034421525977436644427920079158548160398,0.00025035194955624072964075725307834925554
930,0.00034453712531259027355763954343141884446,0.00024920531914542287972271871281823822720
935,0.00034485614123726688517049525929437079566,0.00024806919668152043977777710049812868986
940,0.00034517234522488893085544801884715053132,0.00024694343757144999217603151498526928632
945,0.00034548577429067096190986852996895607647,0.00024582789987923215699606641626861519335
950,0.00034579646480299282809919895757188960225,0.00024472244426482457233426431556643279737
955,0.00034610445249747149572204677740038317948,0.00024362693392465190935849213226168931818
960,0.00034640977249065764284164175651378188761,0.00024254123453377255899430765986467917751
965,0.00034671245929338962685172978210605457088,0.00024146521418963251162998938172235366876
970,0.00034701254682379031290385069871835600991,0.00024039874335735467081780447660371160947
975,0.00034731006841994284070478053960601983093,0.00023934169481651468278366021116415114229
980,0.00034760505685223501848528136156372323128,0.00023829394360935589430141409589192869206
985,0.00034789754433538970964885754717120145376,0.00023725536699039544059330242340760543434
990,0.00034818756254019553359703978600017538726,0.00023622584437738523889329444508484697966
995,0.00034847514260493934164275426194509755165,0.00023520525730357585063767664691269287483
1000,0.00034876031514654772833079631000879093198,0.00023419348937124825420999127556087237140
1005,0.00034904311027145550757298419948054884763,0.00023319042620647312368350646000818881115
1010,0.00034932355758620117207708013748928056221,0.00023219595541506108228695749556509845865
1015,0.00034960168620775834442444240536687639833,0.00023120996653966286390575419700581474541
1020,0.00034987752477361413938547055163202577746,0.00023023235101798907059573790485617081440
1025,0.00035015110145159815658277295822849052282,0.00022926300214211328487477148468980432156
1030,0.00035042244394947249466982997070952131867,0.00022830181501882541684229904856517766723
1035,0.00035069157952428491827399391056852239131,0.00022734868653100351455623264185225198503
1040,0.00035095853499149598459846705801811242901,0.00022640351529997571248694448323364781085
1045,0.00035122333673388786766068688009492678872,0.00022546620164883830548934650996753851518
1050,0.00035148601071025425989279966283676253054,0.00022453664756670729799106915626687034160
1055,0.00035174658246388348062281673042239394889,0.00022361475667387012993180461038088769137
1060,0.00035200507713083946624053557211219961588,0.00022270043418781296047072401718116847904
1065,0.00035226151944804392346783922553747583457,0.00022179358689010137295512900409934357035
1070,0.00035251593376116930527163103904068892413,0.00022089412309408319037888948936431038975
1075,0.00035276834403234146336971800843902776995,0.00022000195261339480470041661176676799851
1080,0.00035301877384766443076469742218026297811,0.00021911698673124417688850620479231239983
1085,0.00035326724642456734026602663584308018306,0.00021823913817045078207979572931186011534
1090,0.00035351378461897956051771776060290678008,0.00021736832106421824416938342942681101066
1095,0.00035375841093233808108197042671065425977,0.00021650445092762018006617791090590257811
1100,0.00035400114751843598942057510129868351850,0.00021564744462977973149574112221071880840
1105,0.00035424201619010854921328131298631626299,0.00021479722036672152737304220719067350895
1110,0.00035448103842576830230659713739526058009,0.00021395369763487559798645086692704607197
1115,0.00035471823537578923309054360457253130960,0.00021311679720522058845869032935765497636
1120,0.00035495362786874690226508835248388339971,0.00021228644109804112835330568342044068835
1125,0.00035518723641751159205872049090603203691,0.00021146255255828752783154788492848982565
1130,0.00035541908122521156984355456304319314152,0.00021064505603151935954872811613703489784
1135,0.00035564918219105721363218273328901191463,0.00020983387714041542775386557405872078961
1140,0.00035587755891602992176404748752727642873,0.00020902894266183714630443285488169993391
1145,0.00035610423070845369016587167364148079667,0.00020823018050442709274566153291521440715
1150,0.00035632921658943228485747987887066439098,0.00020743751968673197137379811256702812950
1155,0.00035655253529817467282443038743756262680,0.00020665089031583159224194215579891695168
1160,0.00035677420529719270546983771054197917381,0.00020587022356646203412835086243376370791
1165,0.00035699424477739504173254245641141082178,0.00020509545166062178891573115942390450888
1170,0.00035721267166305726655661013956026850473,0.00020432650784764306136845103065565511373
1175,0.00035742950361669388767547091973801701268,0.00020356332638471930261416285718134360712
1180,0.00035764475804381885059072378572644387430,0.00020280584251787781441064876235213408876
1185,0.00035785845209760018754848142070753096032,0.00020205399246338056046333171810591259900
1190,0.00035807060268341760560606731928188270686,0.00020130771338954754545345551072782343334
1195,0.00035828122646332460848459405606214074306,0.00020056694339898791886185557114414969730
1200,0.000358490339860404677284089302402585700110,0.000199831621511229814541932008727104313734
1205,0.000358697959063044425160365855765964698520,0.000199101687645737107121132898734162406532
1210,0.000358904100029108666676422130284290043440,0.000198377082605304212536786478318305029016
1215,0.000359108778490031449122237923445314428290,0.000197657748059820950931033857435525059642
1220,0.000359312009954816181553842129573617479590,0.000196943626530390130820686795514551475986
1225,0.000359513809713953979413237463601883768260,0.000196234661373801266031386368079338444238
1230,0.000359714192843256873902517959319220724940,0.000195530796767339124287109021263229412040
1235,0.000359913174207613675300889764927483858810,0.000194831977693924991729957051170254976972
1240,0.000360110768464668339657522824041910421050,0.000194138149927584043486655289461048716884
1245,0.000360306990068412305619963731494120632130,0.000193449260019221867906233199364139039464
1250,0.000360501853272716975313335189242818471510,0.000192765255282712927625161194147909697026
1255,0.000360695372134779947496942280127018697030,0.000192086083781286359384893321483823562890
1260,0.000360887560518507629675435403411884864050,0.000191411694314201562139266176570947118050
1265,0.000361078432097824081434716389039569305810,0.000190742036403710363094037711593152151622
1270,0.000361268000359918341297473244791714540810,0.000190077060282297425294395028846582975156
1275,0.000361456278608417518876024323801304635000,0.000189416716880186523960449529282972022224
1280,0.000361643279966497696136332891311252847980,0.000188760957813115056048625215209898015868
1285,0.000361829017379939153737378425900056303120,0.000188109735370364473114912297303682825388
1290,0.000362013503620109034165884723478585720260,0.000187463002503039035291815448953413123376
1295,0.000362196751286888099061631235221275154860,0.000186820712812593556224359784957644052550
1300,0.000362378772811543089845059048350147567920,0.000186182820539595975715255930208810824904
1305,0.000362559580459535152044617432693087642220,0.000185549280552725884861146454572487536570
1310,0.000362739186333276448128446518873818108140,0.000184920048337998426783052162722006529712
1315,0.000362917602374828915111938954944139157990,0.000184295079988210896777537190646828689868
1320,0.000363094840368551776731101631532840157480,0.000183674332192604561725089495462144257900
1325,0.000363270911943698298909705415288151578320,0.000183057762226741844308054975201625348686
1330,0.000363445828576955622432178355173099604010,0.000182445327942583657014975905194286550366
1335,0.000363619601594940620885271705453494880470,0.000181836987758773229738891006864190746934
1340,0.000363792242176646150190560985155383699120,0.000181232700651112941581311462136277764256
1345,0.000363963761355834985138813160568601168540,0.000180632426143237683175643647500806612914
1350,0.000364134170023393801047704076679447600960,0.000180036124297470221679247442490289324384
1355,0.000364303478929634791924858102303226728150,0.000179443755705862856895453960340413493774
1360,0.000364471698686560761789941935913755329270,0.000178855281481418050687911078393997334316
1365,0.000364638839770078828732366916036960878880,0.000178270663249481719086894082527674099582
1370,0.000364804912522177009055323147259150752400,0.000177689863139309001256561060137583455418
1375,0.000364969927153056454878789603152702301950,0.000177112843775795855806755337678867557212
1380,0.000365133893743223276778941690193350678280,0.000176539568271373063311214340113389951688
1385,0.000365296822245545454787751631935666895100,0.000175970000218060065756508837459121133990
1390,0.000365458722487260475776014142796421732690,0.000175404103679673582964154038226060585104
1395,0.000365619604171954700292093542786279219900,0.000174841843184187929311922701713552491754
1400,0.000365779476881502956729330374164621887520,0.000174283183716244853788594158142495172444
1405,0.000365938350077969872057989704238897881010,0.000173728090709807729955726180469449769534
1410,0.000366096233105474734046753074968342284470,0.000173176530040956644057901637435636004564
1415,0.000366253135192026509283948335513404323240,0.000172628468020823157664881837019007770258
1420,0.000366409065451319376243214428514389213130,0.000172083871388661309113285184332657301734
1425,0.000366564032884500298324348459292844890650,0.000171542707305048137415334693853361020012
1430,0.000366718046381896457342864891784427740880,0.000171004943345217464824384452200711701466
1435,0.000366871114724721002662670118651893297090,0.000170470547492516563613487020993761201216
1440,0.000367023246586737281853066292062400342740,0.000169939488131989848717060376468282420016
1445,0.000367174450535900055660892060667499998400,0.000169411734044081823002488215737762548326
1450,0.000367324735035962573409542164005547104940,0.000168887254398458121898292313379832717176
1455,0.000367474108448057206577753886790413275020,0.000168366018747944168503448333669785465208
1460,0.000367622579032244075250256517400870302640,0.000167847997022574410905471989524913422438
1465,0.000367770154949036053333762647470942418160,0.000167333159523756358691853193212411622602
1470,0.000367916844260891736839912973908381348000,0.000166821476918537826125269385804802702502
1475,0.000368062654933685828730274250541044271950,0.000166312920233985537577243721603322967626
1480,0.000368207594838149012077434309429256667900,0.000165807460851662722728794103620170613516
1485,0.000368351671751285648635783122433548608740,0.000165305070502212120914488465298627651772
1490,0.000368494893357765520940369901442554652990,0.000164805721260036334121888487790830325372
1495,0.000368637267251286024564221476795905603010,0.000164309385538074824536071323183805483208
1500,0.000368778800935920738643395597224093282270,0.000163816036082677927193119203651964024380
1505,0.000368919501827431538575169163028661916860,0.000163325645968573144172517361998244846502
1510,0.000369059377254568745586994715182121137970,0.000162838188593921733820913315952405163604
1515,0.000369198434460340467050788415584489176080,0.000162353637675466224527358575947340439686
1520,0.000369336680603263355457857180064744017350,0.000161871967243763635416942951736955882406
1525,0.000369474122758593280797173816177430689340,0.000161393151638505216592160484399741082856
1530,0.000369610767919529498603018449684798130130,0.000160917165503919670443041087816686027724
1535,0.000369746622998401969548041202985995409780,0.000160443983784258603598170340297723361514
1540,0.000369881694827836882757757116109122984890,0.000159973581719361557687745941927222963552
1545,0.000370015990161902996379887003757321147520,0.000159505934840300433775916213090123175970
1550,0.000370149515677235041653806794506496369910,0.000159041018965099711045670675618635621104
1555,0.000370282277974143840148579609965990306730,0.000158578810194534435738010034545464852336
1560,0.000370414283577700162125788385416205815520,0.000158119284907999482000280150091890229376
1565,0.000370545538938806605287144681622422704520,0.000157662419759452357160212886893700278172
1570,0.000370676050435245234393073053897538002140,0.000157208191673426478568181968987469987232
1575,0.000370805824372715470274386432475944161720,0.000156756577841114983015779153702159060722
1580,0.000370934866985845027695443511788988430030,0.000156307555716520595961798543809739564028
1585,0.000371063184439190477598965545064824973400,0.000155861103012674116868979124533207949454
1590,0.000371190782828218960335619642784508691530,0.000155417197697916792541791955935676425704
1595,0.000371317668180272379223228780936239890810,0.000154975817992246737242100870978901393494
1600,0.000371443846455517559389003159828486125330,0.000154536942363729713386344920187826522698
1605,0.000371569323547879602038537836779202222980,0.000154100549524969073417040533007228988638
1610,0.000371694105285957495643513158426425447270,0.000153666618429636646074337061528433685754
1615,0.000371818197433930350375587134480174559760,0.000153235128269064059700731600288556462050
1620,0.000371941605692441584676589178041783160440,0.000152806058468890520364143951861035659090
1625,0.000372064335699472035323187727390787136680,0.000152379388685765468237080000344255293144
1630,0.000372186393031203056612584369511404246210,0.000151955098804112223065427132010459626086
1635,0.000372307783202854313037813397145285081990,0.000151533168932940376928085728166490616514
1640,0.000372428511669519745156110086420259941430,0.000151113579402714494168635178007100684928
1645,0.000372548583826981329355281643788722670060,0.000150696310762274711367444724975777575584
1650,0.000372668005012516911866824592786967810010,0.000150281343775809742950372952543312564344
1655,0.000372786780505687220830742461452224312270,0.000149868659419876709200540771282648378508
1660,0.000372904915529114345206028646862218486930,0.000149458238880475196649554255128942513776
1665,0.000373022415249249468133314372571073232590,0.000149050063550165851959958813365378095054
1670,0.000373139284777125418403442160866187464940,0.000148644115025238886727356326005605855800
1675,0.000373255529169094670864392196628749715410,0.000148240375102926928341668327460388371996
1680,0.000373371153427564696522329552096284540000,0.000147838825778666083390337221660567301018
1685,0.000373486162501708462919425211581728185430,0.000147439449243400250869398311219690982484
1690,0.000373600561288175216808320499595116895730,0.000147042227880928780500817259152833893772
1695,0.000373714354631786052867625996348597366390,0.000146647144265299495383661889897303767074
1700,0.000373827547326212903115140568986230289390,0.000146254181158241690403512857860904732098
1705,0.000373940144114656368112488551445504853170,0.000145863321506641363987717888659937728152
1710,0.000374052149690507631209850458051197784690,0.000145474548440059234087259048565039808036
1715,0.000374163568697998656187248934179229535560,0.000145087845268284826111306586176117450062
1720,0.000374274405732845697081927040037928239920,0.000144703195478932631782270064007084902986
1725,0.000374384665342879439667870442130833339380,0.000144320582735076055990906092461145193432
1730,0.000374494352028670528719596304323539942320,0.000143939990872919083455647820382280744080
1735,0.000374603470244136747634453756852419662670,0.000143561403899503892951516792276142021716
1740,0.000374712024397150690562991139303575840000,0.000143184805990457599708074826693252052284
1745,0.000374820018850132178801299060509056414370,0.000142810181487771429299251504082856543046
1750,0.000374927457920629084640367809682193008380,0.000142437514897617070650990778120477548378
1755,0.000375034345881897880985019010428814092450,0.000142066790888196365859625623358693116330
1760,0.000375140686963466835467472422999920675590,0.000141697994287626205689848549016702346526
1765,0.000375246485351695458275004321905187467870,0.000141331110081853977213415202877146398112
1770,0.000375351745190322318979296282886504220280,0.000140966123412608345123884444014537126090
1775,0.000375456470581007824225064611249732867500,0.000140603019575379520224417095808257833462
1780,0.000375560665583866154565906873691812987860,0.000140241784017434280870109951303790762972
1785,0.000375664334217989450676195520363654145480,0.000139882402335856268344952859223742431242
1790,0.000375767480461965496459976707666391817100,0.000139524860275623136065222859384039367028
1795,0.000375870108254386889274491757462366514350,0.000139169143727708131426177757643391182992
1800,0.000375972221494351121353263134812191998680,0.000138815238727212487263026926086573864720
1805,0.000376073824041954415755543437557261152240,0.000138463131451529095013307027388997371174
1810,0.000376174919718780631786561571310335442380,0.000138112808218529483649986150417690532530
1815,0.000376275512308376875954110616032189616020,0.000137764255484781823969944339533107815300
1820,0.000376375605556727898560697873713820137080,0.000137417459843795679135283168645013881648
1825,0.000376475203172721092150822796254786987090,0.000137072408024291729707694129653123538266
1830,0.000376574308828601917582294233226428755550,0.000136729086888499816835056751266383501776
1835,0.000376672926160430562787432386912991288190,0.000136387483430481375403913653941703196128
1840,0.000376771058768519426280675938379349942060,0.000136047584774477147560751386096164673148
1845,0.000376868710217877888676394100374666258160,0.000135709378173280323688343378855676513874
1850,0.000376965884038640584997065603050084637680,0.000135372851006633658145540972532542279288
1855,0.000377062583726493375143681547776960114850,0.000135037990779651094953928285854842786666
1860,0.000377158812743092448446913833071623418820,0.000134704785121261264591022383038728886866
1865,0.000377254574516478083804786348990970862690,0.000134373221782677076972820326117099794890
1870,0.000377349872441480641541977829229632025290,0.000134043288635884689893899820018580556360
1875,0.000377444709880123230369985994572518775840,0.000133714973672157441682772369638608820344
1880,0.000377539090162016097047843732350482729210,0.000133388265000590102482825645364902273080
1885,0.000377633016584744895357728181829904042760,0.000133063150846655933097188299407906312658
1890,0.000377726492414257850871165050433322881810,0.000132739619550784301335279111839310603136
1895,0.000377819520885242543565609366473117995170,0.000132417659566958175524814031635043648542
1900,0.000377912105201498610523176138840685746850,0.000132097259461334197776966487958563557296
1905,0.000378004248536306849364348173654819205520,0.000131778407910881538767179572658240589958
1910,0.000378095954032789811156088302997356713260,0.000131461093702040710840741625417405332746
1915,0.000378187224804272242558817771367861485140,0.000131145305729401686469734494459294751644
1920,0.000378278063934629416257560472277236350770,0.000130831032994401647438339599426819929214
1925,0.000378368474478638904540653548051346625890,0.000130518264604041566429232413799644715736
1930,0.000378458459462319220974315302038643542770,0.000130206989769620564132470804222166927286
1935,0.000378548021883269440459212103174060272400,0.000129897197805489044632892540746009678140
1940,0.000378637164711001539240837967177567051400,0.000129588878127819239253105957153488596174
1945,0.000378725890887268498451830706962182639790,0.000129282020253394551182837514490936275114
1950,0.000378814203326388661902576573280593965800,0.000128976613798414097436470136706980147920
1955,0.000378902104915563001477220147857069012210,0.000128672648477316100389109144130575215576
1960,0.000378989598515192259535296179102117073790,0.000128370114101617141044799282148663879458
1965,0.000379076686959185721108637880742393647040,0.000128069000578768434466287420620351404348
1970,0.000379163373055266553910348525695181046260,0.000127769297911026943532543966169586490466
1975,0.000379249659585274520987491774685715598030,0.000127470996194343702671337457562111672236
1980,0.000379335549305464885347809535895757602370,0.000127174085617268300751252692404961396336
1985,0.000379421044946798963278112182052364177410,0.000126878556459866161953049679071645027698
1990,0.000379506149215235224761641231730001493640,0.000126584399092653650747750024202434433174
1995,0.000379590864792014590863367280826032847740,0.000126291603975547133594890044601981062430
2000,0.000379675194333942973679895174827709411290,0.000126000161656826280595150234892153930498
2005,0.000379759140473667514148690009814360995160,0.000125710062772111780214067099579011563942
2010,0.000379842705819949679134083348953700928870,0.000125421298043357647505711925390952719030
2015,0.000379925892957939686923110814337672560070,0.000125133858277858665303882750955388239894
2020,0.000380008704449438599225429122852567397750,0.000124847734367267687333256010325780433640
2025,0.000380091142833163511203596770936840920810,0.000124562917286630949343779477034097938082
2030,0.000380173210625005674892931477012879230780,0.000124279398093433837179887432485010022160
2035,0.000380254910318288814744488202236863276340,0.000123997167926661336727162893230409859032
2040,0.000380336244384018819721465873314737376280,0.000123716218005869230561780344562544037862
2045,0.000380417215271135017929050033280670818890,0.000123436539630270732609484028916842264192
2050,0.000380497825406754647552561005023854733130,0.000123158124177833247629342257987862332030
2055,0.000380578077196415374184069390117113405560,0.000122880963104387885819503533895543366160
2060,0.000380657973024316323239279533983206650980,0.000122605047942753367609634235131678606036
2065,0.000380737515253552226231233078183043442640,0.000122330370301867228224228197402674527418
2070,0.000380816706226345923703072520996245649140,0.000122056921865933032714660888929472175682
2075,0.000380895548264281634073800945389369537920,0.000121784694393577078103450938254507697498
2080,0.000380974043668528616405054338953742103980,0.000121513679717016427584585038886393561050
2085,0.000381052194720064577735493359430981625790,0.000121243869741238209293094238060883896952
2090,0.000381130003679900939559556789318824054760,0.000120975256443191242200245218250430410010
2095,0.000381207472789295984689694723937488021630,0.000120707831870985445930941522030401037854
2100,0.000381284604269972948293214120454618053800,0.000120441588143105144945546602004885882078
2105,0.000381361400324330602812516787444576480720,0.000120176517447630664443917744166727380890
2110,0.000381437863135655828497295147267052006030,0.000119912612041471507922307995627493350930
2115,0.000381513994868326360446343081484576320910,0.000119649864249608161268905766136264075570
2120,0.000381589797668018743712702422612734764950,0.000119388266464346093415579383191778942038
2125,0.000381665273661907411456915010552262625290,0.000119127811144577174036127739631057641200
2130,0.000381740424958865862186524036903816367570,0.000118868490815053250606532200253913743340
2135,0.000381815253649659600668880995455511846460,0.000118610298065666612187194386768826314364
2140,0.000381889761807145734306532085321680328400,0.000118353225550742151782816012795142595254
2145,0.000381963951486456990593191998179455641920,0.000118097265988336866917948922960225819562
2150,0.000382037824725197169618557075121030154860,0.000117842412159550578604234207315850065716
2155,0.000382111383543624856431869615452067590940,0.000117588656907843741765706317929832813266
2160,0.000382184629944837205646735402639805060450,0.000117335993138363971542413349764809263926
2165,0.000382257565914952275667107561094756511960,0.000117084413817284735855952431598537371954
2170,0.000382330193423289785420431035857465138340,0.000116833911971146484800707613903576265742
2175,0.000382402514422545685448051119740092851910,0.000116584480686212643916108010345691895342
2180,0.000382474530848970613276525073985756141930,0.000116336113107829225991029199239964975564
2185,0.000382546244622539016171272010424642528490,0.000116088802439794792420020238012688353350
2190,0.000382617657647122204329017263618171201600,0.000115842541943738272457490020293812642134
2195,0.000382688771810656756939337531200408050370,0.000115597324938505074445267730307187009866
2200,0.000382759588985311054515872353279454085800,0.000115353144799549008022970151164365648010
2205,0.000382830111027646440651250859653241065870,0.000115109994958334310605357194464856448914
2210,0.000382900339778782992267434228333263057830,0.000114867868901744366962465021631443164670
2215,0.000382970277064560401563998246982441671230,0.000114626760171497824505446400625950809168
2220,0.000383039924695691627492420222617262935070,0.000114386662363571773850854616561168251924
2225,0.000383109284467923798835745858355438524420,0.000114147569127633143591228066773720890064
2230,0.000383178358162190380454740269260855284840,0.000113909474166475865338819716246552074578
2235,0.000383247147544763781436376947761180168170,0.000113672371235466562786820973888978801282
2240,0.000383315654367406591040224986875813561740,0.000113436254141996757422143211894382351948
2245,0.000383383880367517878818811315397360768080,0.000113201116744940306329376615439198975304
2250,0.000383451827268285759870704081595941196090,0.000112966952954120999654588315399436454312
2255,0.000383519496778824549536837735831101973930,0.000112733756729782498977900591971927801986
2260,0.000383586890594325133640580865902019064100,0.000112501522082069186541473622078511217400
2265,0.000383654010396191761613598632719407725250,0.000112270243070510022678600388145514400238
2270,0.000383720857852184726237635688256645175790,0.000112039913803510877932564733953382064694
2275,0.000383787434616557275751041459980157695030,0.000111810528437852093955470740068180204088
2280,0.000383853742330192564919156727870257523750,0.000111582081178191970859750586267936058114
2285,0.000383919782620737465728673780131108555690,0.000111354566276578668505483368659617538684
2290,0.000383985557102737475721254764981066163620,0.000111127978031964104050414678888611305316
2295,0.000384051067377765477734513249789537941050,0.000110902310789727640358000160129256675074
2300,0.000384116315034555744183101152338604927850,0.000110677558941203245257549973274206530478
2305,0.000384181301649128943756884884453675032160,0.000110453716923213917738364675932011919390
2310,0.000384246028784920367673491228238973655300,0.000110230779217609964923047407350862916992
2315,0.000384310497992905262246104171025308479600,0.000110008740350814549101811011477959581004
2320,0.000384374710811723581344831373330136120980,0.000109787594893374658124000663058407618014
2325,0.000384438668767799839547100837972713241490,0.000109567337459515447330725102378367077058
2330,0.000384502373375465688953414177233561522520,0.000109347962706702879852318443935081973762
2335,0.000384565826137081223152626763998676145460,0.000109129465335210264014772904951408240846
2340,0.000384629028543150416071182170398501609570,0.000108911840087688707891662902356169656388
2345,0.000384691982072437492735325331309393965810,0.000108695081748745518940495741287801195444
2350,0.000384754688192085542889392773645483164510,0.000108479185144524937909864224814165472558
2355,0.000384817148357726898935828510850128892150,0.000108264145142295485060677753989215051866
2360,0.000384879364013598727198995577610781332020,0.000108049956650042576651192952885054054400
2365,0.000384941336592651030058584761058942543940,0.000107836614616063723411101543735945541964
2370,0.000385003067516659200994482089922563502030,0.000107624114028571292489798862301949730950
2375,0.000385064558196333587095644209616391611750,0.000107412449915298080104947055600728970152
2380,0.000385125810031424157308848582884483166370,0.000107201617343108678966199785664037755570
2385,0.000385186824410826934835068288056879252640,0.000106991611417614022699157418481403038304
2390,0.000385247602712692313826203894363139769820,0.000106782427282792559713224475343845777606
2395,0.000385308146304525998042463514215266591950,0.000106574060120614324155285264158883110196
2400,0.000385368456543290903560557505935252441190,0.000106366505150668882857181279072414754736
2405,0.000385428534775511174053140444219714862940,0.000106159757629799808345762560300887181218
2410,0.000385488382337370183616786404980297624160,0.000105953812851741886407891831178486831168
2415,0.000385548000554810752604981787587017089630,0.000105748666146762310035374931251612371736
2420,0.000385607390743632590622517948844385410760,0.000105544312881306787536429708404309607366
2425,0.000385666554209588667386880175160226816010,0.000105340748457650109184770966012228017320
2430,0.000385725492248483358175951989251767053520,0.000105137968313549622106194885601234977638
2435,0.000385784206146263221547528044781712422450,0.000104935967921903595585435623921841603942
2440,0.000385842697179112889838406657917315180340,0.000104734742790412542830933925651573928702
2445,0.000385900966613547970744554595525437553560,0.000104534288461247149461381838219067737146
2450,0.000385959015706505124745992672489406240760,0.000104334600510714976416470439923456277210
2455,0.000386016845705432509002684346665796256290,0.000104135674548936856878438699881894938964
2460,0.000386074457848379295505413629206839637580,0.000103937506219522528514655271768839575806
2465,0.000386131853364085651590417953907497901490,0.000103740091199252346822529020195955569280
2470,0.000386189033472068671382169494927625091660,0.000103543425197761654882348040767438270510
2475,0.000386245999382705920681478951701110103960,0.000103347503957228857649114073143904469706
2480,0.000386302752297327993526880085165568293930,0.000103152323252067784383892159649509754878
2485,0.000386359293408295973779531672654195304220,0.000102957878888622847847953408397859310460
2490,0.000386415623899087626431306461169392686880,0.000102764166704866257823966094864600535016
2495,0.000386471744944381211837740896421633839440,0.000102571182570102911797920934063744220624
2500,0.000386527657710135409429848541468364426150,0.000102378922384673540376598633264578915530
2505,0.000386583363353670783355923882978144030650,0.000102187382079664903900156123325120773854
2510,0.000386638863023748017803569585730512196680,0.000101996557616620900875576775495565506944
2515,0.000386694157860650879367227740425498407780,0.000101806444987258528818437839045048997388
2520,0.000386749248996259617403736103211226764820,0.000101617040213186606681847419269246871138
2525,0.000386804137554131067504644770187809160720,0.000101428339345626425140141963916817404468
2530,0.000386858824649574709483899099916239092240,0.000101240338465138036428731861235924014168
2535,0.000386913311389726982802015733770078230900,0.000101053033681346171249395423306641107832
2540,0.000386967598873627341130062897710042190780,0.000100866421132673135190301389405219062090
2545,0.000387021688192290732666876534228368026010,0.000100680496986070840868799268245007889768
2550,0.000387075580428783402120534362443701676700,0.000100495257436759443581984971506625503098
2555,0.000387129276658291485416400912677407147230,0.000100310698707965131518764410197820614020
2560,0.000387182777948194574586095223842441855830,0.000100126817050663469319651600691731676318
2565,0.000387236085358137487563344083608402623280,0.000099943608743326255522025321757361999750
2570,0.000387289199940098621763113219249345862110,0.000099761070091667363722854137121663181364
2575,0.000387342122738458113646693858493186742740,0.000099579197428395006662425782124576016116
2580,0.000387394854790068674241506713492085662030,0.000099397987112965256427461770333192095270
2585,0.000387447397124323490685388081146107764630,0.000099217435531339264001901281529392944086
2590,0.000387499750763219792375689875626466626200,0.000099037539095739879862092959205799345174
2595,0.000387551916721428689937645305431021762960,0.000098858294244416745109350641627288443290
2600,0.000387603896006359311733007030848911037470,0.000098679697441407436710699282071051001468
2605,0.000387655689618223679872478143671678924290,0.000098501745176306659014351219246812661650
2610,0.000387707298550100497762097591909518759410,0.000098324433964033942668503055689485160560
2615,0.000387758723787999328019197499391883809200,0.000098147760344606529831511562455270831512
2620,0.000387809966310923759597299662707402885170,0.000097971720882913395616361400888934943352
2625,0.000387861027090931807019247151034505927250,0.000097796312168491660970099209346561671888
2630,0.000387911907093198354999916902450486586830,0.000097621530815306320603422066413374830804
2635,0.000387962607276077429582056394603316683500,0.000097447373461531641147704062532472613262
2640,0.000388013128591159864919459250513334953470,0.000097273836769334647196912887827578074524
2645,0.000388063471983334821242280669248870757700,0.000097100917424662044916674263454542047460
2650,0.000388113638390846645231598240792786449290,0.000096928612137027547386962064246905207284
2655,0.000388163628745355296545739291388648806950,0.000096756917639303512474912284134830404582
2660,0.000388213443971993122667078176423275069020,0.000096585830687514087088797902934975069518
2665,0.000388263084989421552146239273293852226830,0.000096415348060629652195820634106111398254
2670,0.000388312552709888060966187131482060342960,0.000096245466560364436399024350145490567766
2675,0.000388361848039281609690499489435155983330,0.000096076183010975787144706683682202166410
2680,0.000388410971877187921125972569382345861850,0.000095907494259066184601643291080851139630
2685,0.000388459925116946379530899903024080486710,0.000095739397173387200187211787302903738194
2690,0.000388508708645700915704954962781090127780,0.000095571888644643782218480686342510506298
2695,0.000388557323344453873006846977493028375600,0.000095404965585303475168073618613381852148
2700,0.000388605770088122116423679360555736326240,0.000095238624929406438017674911837978314310
2705,0.000388654049745587294671159507429718894750,0.000095072863632375761443677128961578095346
2710,0.000388702163179746812104892189626671383220,0.000094907678670831764888198434883847988302
2715,0.000388750111247567600688874731429466751790,0.000094743067042409518194021844038949225212
2720,0.000388797894800136142267238464928698506190,0.000094579025765573496959298138990669204990
2725,0.000388845514682707708333236042749196118430,0.000094415551879439449426132699036485910838
2730,0.000388892971734757154169492321850202308000,0.000094252642443594634143560204063405695730
2735,0.000388940266790029404779119316178179536570,0.000094090294537921730612465183715117354346
2740,0.000388987400676584463250364979934634470370,0.000093928505262422928245075489822263486408
2745,0.000389034374216851052910724934222077482150,0.000093767271737048516274710797890863123694
2750,0.000389081188227670225508484777082395735940,0.000093606591101523494074274802511284231272
2755,0.000389127843520344983997300876142923078780,0.000093446460515180254826812378479913479916
2760,0.000389174340900685011247419389654090252770,0.000093286877156788250409462789758922903420
2765,0.000389220681169055994111605627917194667960,0.000093127838224390454425848756616982235092
2770,0.000389266865120423714446472248386339867990,0.000092969340935137317703199285856610141164
2775,0.000389312893544398192721831261966875492170,0.000092811382525124107234271892444032386934
2780,0.000389358767225282223084185338530210396970,0.000092653960249230838853846071283866744248
2785,0.000389404486942113039325319271989337421510,0.000092497071380961966716077960837296834468
2790,0.000389450053468707256115856252293582051340,0.000092340713212289435220936212413037668024
2795,0.000389495467573704788745849613251161382060,0.000092184883053495112859597880967657631932
2800,0.000389540730020612114462831934959799158340,0.000092029578233017987333908082576649458492
2805,0.000389585841567844107523255029313021452130,0.000091874796097299656841287170788854318352
2810,0.000389630802968768174813828081669135961290,0.000091720534010633486781092322483911689054
2815,0.000389675614971743860428924875960901706970,0.000091566789355014583534076366480141677504
2820,0.000389720278320167497613372601394737324070,0.000091413559529991986961660406030883347442
2825,0.000389764793752509371058507225853774170320,0.000091260841952519757130266958445499987724
2830,0.000389809162002357691738127447527190297430,0.000091108634056813753666856011253990962546
2835,0.000389853383798457790593004559563442017440,0.000090956933294206483079799884817121338528
2840,0.000389897459864750776030125577006160099500,0.000090805737133004226542863711960882400138
2845,0.000389941390920415960890074603629753573410,0.000090655043058347266617720241962939722830
2850,0.000389985177679907108082229757065855315280,0.000090504848572068160199622206689657774870
2855,0.000390028820852992378496504779590871941490,0.000090355151192555223846849762776714726082
2860,0.000390072321144793230695835371111657295240,0.000090205948454614311914608801892893086318
2865,0.000390115679255820702465362921613808532970,0.000090057237909333603389765792394468414280
2870,0.000390158895882014287196155210023801767120,0.000089909017123949280453518146690410036080
2875,0.000390201971714780131299738878298790100570,0.000089761283681713207781894218496552495508
2880,0.000390244907441024590607331937038550624410,0.000089614035181760040011217051291402567600
2885,0.000390287703743195998806502388263842752140,0.000089467269238977850922262943120103087764
2890,0.000390330361299313330056653905871205708550,0.000089320983483878237921683837114801206400
2895,0.000390372880783011018906342384467824434270,0.000089175175562470108889001984819069979960
2900,0.000390415262863566231444789098282190372500,0.000089029843136130959335553353751452107670
2905,0.000390457508205939841276250747300389209800,0.000088884983881483481253373582886869490028
2910,0.000390499617470806669660960333462653708720,0.000088740595490269809446945029102288433098
2915,0.000390541591314594142561368772939546564590,0.000088596675669230310962913091548146202538
2920,0.000390583430389513669705420037086986429730,0.000088453222139980692592120341318768702946
2925,0.000390625135343594911122509075992213347720,0.000088310232638892237876934299768949491594
2930,0.000390666706820719995051068665670981924540,0.000088167704916971836383775746935541344470
2935,0.000390708145460655059953486613751257498990,0.000088025636739744071671205984142790082222
2940,0.000390749451899086741304315910766461585220,0.000087884025887135143716246192891395432152
2945,0.000390790626767648191562746582098931935760,0.000087742870153354994370400691303348301624
2950,0.000390831670693957669989174964761030446390,0.000087602167346784116607847958710324624678
2955,0.000390872584301648502337962494204094286590,0.000087461915289859893698188079095761393456
2960,0.000390913368210398566941767204081508522260,0.000087322111818962681255196128959409459772
2965,0.000390954023035963177207475838589453001370,0.000087182754784305844285387362213962769596
2970,0.000390994549390207465748057091992922864360,0.000087043842049824938517816453535770614634
2975,0.000391034947881134075328650923859397336870,0.000086905371493067114595301963247071518656
2980,0.000391075219112915734045882139370044963990,0.000086767341005084405542871693687399547522
2985,0.000391115363685924916884734495799913328670,0.000086629748490326197883942723361315230248
2990,0.000391155382196763099279114863256233105180,0.000086492591866531586167643729366532203104
2995,0.000391195275238291025974781778967677846060,0.000086355869064625750817008295175299484002
3000,0.000391235043399657098891453623592928395310,0.000086219578028615279645665981919732213240
3005,0.000391274687266328550889232786239725795110,0.000086083716715483971969113116874381948620
3010,0.000391314207420116433468899072540088279440,0.000085948283095091696982638562702622852536
3015,0.000391353604439208000738248366334780738630,0.000085813275150072487840343728677504393574
3020,0.000391392878898191894358652852751094702520,0.000085678690875734585893461603353354914262
3025,0.000391432031368089277884337303121672682230,0.000085544528279960042135908731131330988274
3030,0.000391471062416376203020884719792625869650,0.000085410785383107779204147234793959997938
3035,0.000391509972607017717701039785666035026750,0.000085277460217914564581511670963848030538
3040,0.000391548762500490197217791086794856315670,0.000085144550829399390146249939654081478490
3045,0.000391587432653809222414153090053956488770,0.000085012055274766613938701097256383611116
3050,0.000391625983620558507552954480571700818420,0.000084879971623312579440821813671253369338
3055,0.000391664415950912793201918475004962179070,0.000084748297956330637790664767111917355578
3060,0.000391702730191666707583690747387464402940,0.000084617032367017718858545386449860521104
3065,0.000391740926886259832148906744025569550020,0.000084486172960383348404101463677209989972
3070,0.000391779006574802364379968509191233949610,0.000084355717853157922597250334191065136694
3075,0.000391816969794099922606382276627538690740,0.000084225665173700570058522415354748031664
3080,0.000391854817077680333556871260544758300740,0.000084096013061911714054466665581281864544
3085,0.000391892548955816904219876806350929943110,0.000083966759669143513975082171397695844646
3090,0.000391930165955555122416899553747708818810,0.000083837903158111057898952654196572757258
3095,0.000391967668600734497267475172226764455130,0.000083709441702805449823055531735929593554
3100,0.000392005057412016188077458938556833842250,0.000083581373488408307576208145553054641168
3105,0.000392042332906903563480415922744302531100,0.000083453696711205011272948879170356662384
3110,0.000392079495599768846868716616730248778380,0.000083326409578500507988072767061514381744
3115,0.000392116546001877187724519249230452307790,0.000083199510308534737721776401713798648496
3120,0.000392153484621405805419082658310256937920,0.000083072997130399983450740374554535441096
3125,0.000392190311963471897088368388926264208850,0.000082946868283957852754827687251020116332
3130,0.000392227028530153916337082177873373135090,0.000082821122019757619900465330724856099362
3135,0.000392263634820514130620613190108315251750,0.000082695756598955369177777515520554097902
3140,0.000392300131330621376557506499853452965720,0.000082570770293233157947468298164473196758
3145,0.000392336518553574024117255248461847840780,0.000082446161384720201072258874975073642794
3150,0.000392372796979520747090038097019573451450,0.000082321928165913490513618682123705070748
3155,0.000392408967095684914648035460175183365340,0.000082198068939599828592433772477280231512
3160,0.000392445029386383719356331551039223595530,0.000082074582018778403908397637645151241918
3165,0.000392480984333051594398672060507092688840,0.000081951465726583874330557813024120103248
3170,0.000392516832414261785467689994136539793810,0.000081828718396210967424985264592469714304
3175,0.000392552574105745538661389592027588331690,0.000081706338370837702643511916943333779266
3180,0.000392588209880416170060423828370589342950,0.000081584324003553015395768924711106243156
3185,0.000392623740208386701205790368965504873650,0.000081462673657279944026958932562360223418
3190,0.000392659165556992961071164070752618350370,0.000081341385704704612304802381865641526658
3195,0.000392694486390813461550574547811931018560,0.000081220458528202453704341970098528002108
3200,0.000392729703171688846052448180179913549280,0.000081099890519766244908467350028358427672
3205,0.000392764816358743400132692236731168629960,0.000080979680080934895547308917989031660530
3210,0.000392799826408403158704867471111151780370,0.000080859825622722796690579160139313609600
3215,0.000392834733774417335469154176808616071760,0.000080740325565548857337175113203713317978
3220,0.000392869538907878237739781592088883133020,0.000080621178339168508891472948993018506370
3225,0.000392904242257238552465363964624680293650,0.000080502382382603276515938000885480038076
3230,0.000392938844268332360233135039580528561730,0.000080383936144072987637674001601279797674
3235,0.000392973345384393868304635233992715958660,0.000080265838080929074387861468715190340572
3240,0.000393007746046076295231780472692470348790,0.000080148086659585947868941725840209351408
3245,0.000393042046691470409080084627779828830020,0.000080030680355455272771711600581389247896
3250,0.000393076247756122388775811161320013423310,0.000079913617652880116387095710310129554438
3255,0.000393110349673054709277501527250402535010,0.000079796897045069375466551704192503854908
3260,0.000393144352872782445335634433479987816440,0.000079680517034033412643941966636431503408
3265,0.000393178257783330648176784731610046373450,0.000079564476130518916737697534091160551164
3270,0.000393212064830255324130518877542487324700,0.000079448772853946824029471764808249594824
3275,0.000393245774436657367197758153314797791270,0.000079333405732347402104549135634577245130
3280,0.000393279387023203221135720533520585670940,0.000079218373302299150489811542379546550164
3285,0.000393312903008141815128129748639275628350,0.000079103674108866476741759920719447403854
3290,0.000393346322807321213166118165888945767940,0.000078989306705537789109452223467159168096
3295,0.000393379646834204732720633467983361294300,0.000078875269654164726885283319785508761050
3300,0.000393412875499891201685820567544811325510,0.000078761561524902509363064063518246238886
3305,0.000393446009213128805145066520933801799160,0.000078648180896149176151541564106092494784
3310,0.000393479048380332985055543884905828878620,0.000078535126354485993595085737956648562974
3315,0.000393511993405604369066254834555033959930,0.000078422396494620574301283028922688722128
3320,0.000393544844690743015598490245333045766850,0.000078309989919325915863111787823119846196
3325,0.000393577602635265681402925464709614052170,0.000078197905239384718113034264694211734658
3330,0.000393610267636421385318344672492130636300,0.000078086141073530397129573533338436626828
3335,0.000393642840089209991431931579349975879530,0.000077974696048391950464106000746065086792
3340,0.000393675320386394244558875015580548723400,0.000077863568798435718283132803577367367540
3345,0.000393707708918519641465007194239509309370,0.000077752757965911368460834393979400137810
3350,0.000393740006073925539160994882468096850290,0.000077642262200795097048824357966572584308
3355,0.000393772212238764967332660814717313648610,0.000077532080160735552650597614238232405486
3360,0.000393804327797018811268729123259855732710,0.000077422210510999088358827037984778783712
3365,0.000393836353130507679611967794161830044560,0.000077312651924415329796480078322904824372
3370,0.000393868288618912623760220118612524472990,0.000077203403081325077071545929085380811482
3375,0.000393900134639786110585538852037657271760,0.000077094462669525395070674391254161422512
3380,0.000393931891568567650208092489070437549570,0.000076985829384217984198760743490899851508
3385,0.000393963559778600423421987857738102695630,0.000076877501927957417161641734158035102958
3390,0.000393995139641143639604925161236598638840,0.000076769479010598035625727342210608630630
3395,0.000394026631525387119910712652113940369450,0.000076661759349244389493533501259548371586
3400,0.000394058035798468887890241747113479530420,0.000076554341668198996556742513224996706220
3405,0.000394089352825484478905411204958673718790,0.000076447224698912521090901704154643373276
3410,0.000394120582969504750244137432924139066490,0.000076340407179933186662894544443481806520
3415,0.000394151726591589211303260430114709074410,0.000076233887856858290163206980842874717774
3420,0.000394182784050799314027958025566334058250,0.000076127665482284086710656402746040672808
3425,0.000394213755704211940343789617053853798590,0.000076021738815756942270159302223449018494
3430,0.000394244641906934131790793271710344960280,0.000075916106623726013511964046325121705208
3435,0.000394275443012115799196598188637576241890,0.000075810767679493549758119403421831627842
3440,0.000394306159370963390911952240592738650430,0.000075705720763169491117383582159546579918
3445,0.000394336791332754554512537862383950643180,0.000075600964661622337583278569326396917444
3450,0.000394367339244848351018275768383115088570,0.000075496498168433678966336548719372403316
3455,0.000394397803452702274133649582034482335390,0.000075392320083851379946801082325261390126
3460,0.000394428184299881992285538900061599835960,0.000075288429214743044852729794577333680746
3465,0.000394458482128074930965899381817705950590,0.000075184824374551795649106843292525009086
3470,0.000394488697277105123959797773693930031030,0.000075081504383249055908663076874888485766
3475,0.000394518830084943880005337922508204582340,0.000074978468067291872222078757123228948990
3480,0.000394548880887722487075899743125614232570,0.000074875714259576486301495086332380070990
3485,0.000394578850019746158485573557906382004210,0.000074773241799395500383453444700412941006
3490,0.000394608737813504339571725526096437971340,0.000074671049532393642256490824981463476800
3495,0.000394638544599684746426714649327446185960,0.000074569136310523778964413731424199315094
3500,0.000394668270707185481467404539107572998920,0.000074467500992005086508172384414286368174
3505,0.000394697916463124921140001402099797167950,0.000074366142441279789759052435778897434442
3510,0.000394727482192856801296188100406393433470,0.000074265059528969899499794195401016857700
3515,0.000394756968219980986845885178517744044050,0.000074164251131836948441134605147537541294
3520,0.000394786374866353791234629146898779001360,0.000074063716132738768920744173347880256120
3525,0.000394815702452100873204278468509766412580,0.000073963453420588772601734314896605806960
3530,0.000394844951295629820284431652608231088520,0.000073863461890315543859697212773477622082
3535,0.000394874121713640851124905117813637799700,0.000073763740442821438841266968999776002300
3540,0.000394903214021137126762914072413016977730,0.000073664287984941848276743637542108882370
3545,0.000394932228531437467084527820235827902300,0.000073565103429406550506063063945280061900
3550,0.000394961165556187105698825092153210137880,0.000073466185694798873917965608357018704780
3555,0.000394990025405369253094431699903017738770,0.000073367533705516577024825227884818909822
3560,0.000395018808387316066931856901633603304200,0.000073269146391733516529027856638092207318
3565,0.000395047514808717872490196712712754695800,0.000073171022689359687604620668668965404122
3570,0.000395076144974638155014827270203946664150,0.000073073161540004094895078875245233732684
3575,0.000395104699188519520450993061056756050930,0.000072975561890935478992601494500553788256
3580,0.000395133177752198487582504734834405627630,0.000072878222695045842022669100729782407708
3585,0.000395161580965912875713530807142631070510,0.000072781142910810989989085476222120322602
3590,0.000395189909128314695886178351408382792830,0.000072684321502255516913549792517367268966
3595,0.000395218162536479393146646744694067183270,0.000072587757438914691624145080721172691376
3600,0.000395246341485917219381985696047159295830,0.000072491449695797864392047529202655980730
3605,0.000395274446270581242905544021106135482690,0.000072395397253352418660924380138813418628
3610,0.000395302477182881366325133139000060936830,0.000072299599097427496505523625615137083572
3615,0.000395330434513691984848591067820960880270,0.000072204054219238864069089368127715248926
3620,0.000395358318552360424829860874277060161930,0.000072108761615332411995705507326610852014
3625,0.000395386129586720819664184080987797454850,0.000072013720287550394951154891077455688668
3630,0.000395413867903101606365233242380679977400,0.000071918929242994998262413369434291770148
3635,0.000395441533786336092024276539507113286300,0.000071824387493994584229493306972075572356
3640,0.000395469127519771723129861483770496202230,0.000071730094058069703601593370579391612064
3645,0.000395496649385279061462999788888663800180,0.000071636047957897746060814704802407325852
3650,0.000395524099663264108295068661685978804320,0.000071542248221280097266739418601957357130
3655,0.000395551478632673986425140688924069128780,0.000071448693881109088237620074508416293296
3660,0.000395578786571010774186671103309907782610,0.000071355383975333193843229819910150101130
3665,0.000395606023754336360571635650656491656660,0.000071262317546924964563752314312326219534
3670,0.000395633190457285710085039435763300905530,0.000071169493643848423455818353493652954288
3675,0.000395660286953072641185426333818146805400,0.000071076911319026219320845035348297667298
3680,0.000395687313513502148506749907409746842770,0.000070984569630307037038467130808760392380
3685,0.000395714270408976513259246038360090769740,0.000070892467640434280977721055372970035680
3690,0.000395741157908507261196753281501372682190,0.000070800604417014117160446875481514453466
3695,0.000395767976279721871371331669125044787400,0.000070708979032483583322554623585009746604
3700,0.000395794725788873581684460800451115852620,0.000070617590564079736392330111415695101016
3705,0.000395821406700849887040473102969298181480,0.000070526438093808776619210593037739248470
3710,0.000395848019279181834318473669465866615600,0.000070435520708414556145852541804949345460
3715,0.000395874563786051772931286285104838690020,0.000070344837499348704961197394810786577620
3720,0.000395901040482303102826202556590000055850,0.000070254387562740151525066196640826846514
3725,0.000395927449627447371802037346684380145270,0.000070164169999364758562712483638995950534
3730,0.000395953791479675030767547668097772882900,0.000070074183914616198031750903193868528312
3735,0.000395980066295861155029133079658881423690,0.000069984428418475776338678145853866936160
3740,0.000396006274331575105005936836604873618700,0.000069894902625482361197297963338121514102
3745,0.000396032415841090009023338805838903678210,0.000069805605654705235695605347353749507562
3750,0.000396058491077387879541418990300874431280,0.000069716536629713267477861964882198244396
3755,0.000396084500292171852862273023492145279990,0.000069627694678546927624177016906024429458
3760,0.000396110443735869589244286750629995283300,0.000069539078933689747053604489644682664084
3765,0.000396136321657645878948719263181748233450,0.000069450688532040523219172711002648584152
3770,0.000396162134305407538133384290942989454190,0.000069362522614884007666900543281751251744
3775,0.000396187881925812421999555918691713313870,0.000069274580327864329754531850194781645436
3780,0.000396213564764277079152786662794750195140,0.000069186860820957090871009108554777213100
3785,0.000396239183064985438798026807861690500390,0.000069099363248441246916912289197436915390
3790,0.000396264737070895094745681483923269762250,0.000069012086768872770138466539320537303170
3795,0.000396290227023744942961189292900539454430,0.000068925030545056728857796592083729190612
3800,0.000396315653164065487613798986856937707410,0.000068838193744021929984382370522220127112
3805,0.000396341015731182477084969786331734712860,0.000068751575536992510992842247556543089254
3810,0.000396366314963227481532661068868067201060,0.000068665175099362882062091878856133008236
3815,0.000396391551097143839599492370069870954410,0.000068578991610670871226538078073847210730
3820,0.000396416724368694535450980526382927883620,0.000068493024254572209883798468058047167598
3825,0.000396441835012469423327334325214804658230,0.000068407272218814154417579605594499932102
3830,0.000396466883261892833945834125137793062000,0.000068321734695210223691732493667887973858
3835,0.000396491869349230482004321328082850851570,0.000068236410879615252834277975770549619796
3840,0.000396516793505595511984042282699227742900,0.000068151299971898343954052525864687011892
3845,0.000396541655960958373673602168648420555310,0.000068066401175920397993926541275929277718
3850,0.000396566456944152099179876341227663094590,0.000067981713699507540508772093259972546142
3855,0.000396591196682878865101843907366111708510,0.000067897236754426679016037246713772980602
3860,0.000396615875403717523780491358691127823250,0.000067812969556361305265115679104773921820
3865,0.000396640493332131863583722777538607604580,0.000067728911324887300723567221807744786760
3870,0.000396665050692474179224396731504627517530,0.000067645061283448448774812345216899282112
3875,0.000396689547707997434203702532637412358140,0.000067561418659332889219387358104176307436
3880,0.000396713984600854661311156915731138072590,0.000067477982683648677367139847300563358740
3885,0.000396738361592113076406894971895229517110,0.000067394752591301106945557372272067579936
3890,0.000396762678901755834771356508999013580580,0.000067311727620968601588225839041197278040
3895,0.000396786936748690573392315346664647394840,0.000067228907015079872834590487423361245912
3900,0.000396811135350755633354179532312682024780,0.000067146290019790412124897344797106358426
3905,0.000396835274924727135605185498086651427000,0.000067063875884960588803132598605213696110
3910,0.000396859355686323718396546182230078992850,0.000066981663864130919144089394610652188258
3915,0.000396883377850215533872030083903500854240,0.000066899653214502052054194775573654140084
3920,0.000396907341630028116188917049325748083340,0.000066817843196910481697320881712817116834
3925,0.000396931247238350464285732211508249630290,0.000066736233075806919562754081193902938602
3930,0.000396955094886740650089638040886810804830,0.000066654822119234460456558323695378342886
3935,0.000396978884785732936022527632518520641130,0.000066573609598806629170407299462698955602
3940,0.000397002617144840842991203192594523263820,0.000066492594789684849787127200870655795940
3945,0.000397026292172568117397072881997376612620,0.000066411776970557966624659022491887496890
3950,0.000397049910076410705597935501530478968490,0.000066331155423620051764994411356407560078
3955,0.000397073471062865383271134137696405144020,0.000066250729434549561452883199541876986320
3960,0.000397096975337434491592253037744873885000,0.000066170498292488049845352726188573815542
3965,0.000397120423104632402985582967119992946260,0.000066090461290019076732234581267630812276
3970,0.000397143814567991483486378815324658149400,0.000066010617723147856856658756764843050670
3975,0.000397167149930066601427782575821996921230,0.000065930966891279350653193500692337506254
3980,0.000397190429392443679261978413667548808860,0.000065851508097199826822976760270541974270
3985,0.000397213653155743271994708959016913332540,0.000065772240647054462960370845175937691796
3990,0.000397236821419627391832324029137305052140,0.000065693163850328289952628638936868978610
3995,0.000397259934382804881000170960102272908370,0.000065614277019825858118602949263439546946
4000,0.000397282992243036738765980627207660526770,0.000065535579471651175831810727219798191502
4005,0.000397305995197142375063908184076260121540,0.000065457070525188012990168628184520696186
4010,0.000397328943441004675486066630809588933810,0.000065378749503080291110466781733337417914
4015,0.000397351837169576671271060532454638140200,0.000065300615731212535574864864744836741730
4020,0.000397374676576885232798229585969333299120,0.000065222668538690396300357003839249261956
4025,0.000397397461856038117538295290500061866280,0.000065144907257821733504272652889579618276
4030,0.000397420193199229092367302758395069870560,0.000065067331224097248943941318366748806808
4035,0.000397442870797742595788879066534015106270,0.000064989939776171904506367104553159802234
4040,0.000397465494841959774300742544075065350910,0.000064912732255845192573847049288135130220
4045,0.000397488065521363391085980262131867432220,0.000064835708008043708216186678227100393768
4050,0.000397510583024543793192734417852848696820,0.000064758866380801790680689329598921887264
4055,0.000397533047539204149857944740049212913390,0.000064682206725243380409005013800860098342
4060,0.000397555459252163729981794844563870359200,0.000064605728395563369570756610249675546844
4065,0.000397577818349366315261447155053565679050,0.000064529430749010483802934489367945829066
4070,0.000397600125015882548365028147879077224560,0.000064453313145867591732568038116041801104
4075,0.000397622379435917132296285191142878351400,0.000064377374949435231886179359674829756972
4080,0.000397644581792810825229522401735186641330,0.000064301615526013442496664388326774671350
4085,0.000397666732269050384089564056201631703530,0.000064226034244883661463717728863894564208
4090,0.000397688831046268596544760471939297803500,0.000064150630478291837779482534818237304666
4095,0.000397710878305252706332207213611498587490,0.000064075403601430743270135384744379900122
4100,0.000397732874225946529172474464526942370120,0.000064000352992422603870129380155811104008
4105,0.000397754818987458186979478770683227673310,0.000063925478032301924660840918334149455334
4110,0.000397776712768063127186827940421947211180,0.000063850778104999024574332903764746816930
4115,0.000397798555745209412455817095867270406080,0.000063776252597322040649446882317241080962
4120,0.000397820348095522507231265307144066805160,0.000063701900898941376228067628817488174076
4125,0.000397842089994810197810439477414449269480,0.000063627722402372171246218284010662787906
4130,0.000397863781618067085289023421067204909140,0.000063553716502957664817207744253623097982
4135,0.000397885423139479862599048260106116855570,0.000063479882598853805978262725277357855724
4140,0.000397907014732430139753787681198104412860,0.000063406220091011562782239290256205311498
4145,0.000397928556569502422031651753572462807900,0.000063332728383161470772160390056310260882
4150,0.000397950048822484620547295172448624489500,0.000063259406881797413165723939735190623812
4155,0.0003979714916623764654619389529777406928700,0.0000631862549961603963908426377211408687470
4160,0.0003979928852593918318626683205963455292400,0.0000631132721382237660897441917024142616662
4165,0.0003980142297829627236088918451967556848900,0.0000630404577226752003653309002505647651880
4170,0.0003980355254017459499471523882748490044300,0.0000629678111669032907416487759488501038308
4175,0.0003980567722836260946227115509158792181500,0.0000628953318909808353060655407077183148774
4180,0.0003980779705957195076646689545148322834100,0.0000628230193176494710531275581193528693184
4185,0.0003980991205043799233929062688497846916700,0.0000627508728723046754582618827053814751682
4190,0.0003981202221752022577521225319203730895900,0.0000626788919829806412156302731961833060444
4195,0.0003981412757730267297146842088452755654800,0.0000626070760803342623139712265242371394400
4200,0.0003981622814619443270667668969100115426700,0.0000625354245976309296117097781084217689044
4205,0.0003981832394052980391516337284446128820700,0.0000624639369707298060331032112045422716888
4210,0.0003982041497656909644729740853084667703000,0.0000623926126380678368763522092998871003032
4215,0.0003982250127049873748982559600689563673400,0.0000623214510406463714000000093893037203136
4220,0.0003982458283843197456121465147767143982900,0.0000622504516220154216793236215905861263216
4225,0.0003982665969640897579712072164922412954300,0.0000621796138282604124368413359005064243232
4230,0.0003982873186039755812182469676060770666000,0.0000621089371079864076138704531734975326534
4235,0.0003983079934629330455425574832440927109900,0.0000620384209123045629162878550249280649330
4240,0.0003983286216992015304951111187842125323400,0.0000619680646948175942976438901677562936212
4245,0.0003983492034703080215175845179140183666500,0.0000618978679116063813594369555450471041200
4250,0.0003983697389330697749582753215111947906600,0.0000618278300212144256321388406734119267272
4255,0.0003983902282435999185088465815416322168100,0.0000617579504846357712361860964213072804926
4260,0.0003984106715573109575994208049537758545300,0.0000616882287652998612284965854460146220878
4265,0.0003984310690289171728923068198546209383100,0.0000616186643290577941513291058052100447614
4270,0.0003984514208124405358862189300861774906100,0.0000615492566441696141753206774077196769846
4275,0.0003984717270612142325966214191172117624400,0.0000614800051812899451641618617539390602118
4280,0.0003984919879278843803176465767139846613400,0.0000614109094134546414636764936438710824616
4285,0.0003985122035644178147565044723063092036900,0.0000613419688160675541732167044832052378296
4290,0.0003985323741221025141660563291264570637500,0.0000612731828668873327574406555851521873456
4295,0.0003985524997515520019568851642600819981700,0.0000612045510460144453711947194961443831972
4300,0.0003985725806027106260879236038791883758800,0.0000611360728358767678967374899701185689282
4305,0.0003985926168248556459943421717718209333600,0.0000610677477212184787477198808770251837114
4310,0.0003986126085666007389988333456796798098200,0.0000609995751890852609679503104018230354206
4315,0.0003986325559759029963851440834133336497400,0.0000609315547288136642147182833799448118890
4320,0.0003986524592000613533942961424742534878500,0.0000608636858320153957328921834950135158084
4325,0.0003986723183857240790621446820190011198900,0.0000607959679925676748083179886149237479216
4330,0.0003986921336788907124185551593766053864400,0.0000607284007065979213522027162986299500840
4335,0.0003987119052249175178071406219731214959300,0.0000606609834724741129253735876705039544424
4340,0.0003987316331685178876020409341376697818100,0.0000605937157907898078705560049017660584546
4345,0.0003987513176537681213647523738982850999900,0.0000605265971643524905390034624608806814882
4350,0.0003987709588241117558299853739200482222900,0.0000604596270981727890453087091491522170878
4355,0.0003987905568223594935201759824395437837900,0.0000603928050994503120393280958455680353488
4360,0.0003988101117906971980029978924520895112100,0.0000603261306775624104728795999445120770626
4365,0.0003988296238706848975921929943684527188200,0.0000602596033440521526800935225615280693638
4370,0.0003988490932032642796269378985712984227600,0.0000601932226126166389812730350605804214580
4375,0.0003988685199287592778186391807161263887500,0.0000601269879990947537586315053931899997758
4380,0.0003988879041868793678757124249820457842600,0.0000600608990214550553229533183945305107078
4385,0.0003989072461167261194434067878096132213500,0.0000599949551997853191152450362386466053510
4390,0.0003989265458567924090798912335239991704500,0.0000599291560562792432251034999822860506044
4395,0.0003989458035449674305977549284018765575400,0.0000598635011152262650960371936373879350150
4400,0.0003989650193185422402616341135398485446400,0.0000597979899029992585632410197032104740800
4405,0.0003989841933142088143537748012125660262900,0.0000597326219480438659915716912066860503288
4410,0.0003990033256680664107924840704156252241600,0.0000596673967808662460208051124314059277314
4415,0.0003990224165156231994000722962634085500000,0.0000596023139340227350470551025375617708514
4420,0.0003990414659918004479657653497993817274300,0.0000595373729421080333551679069545372659642
4425,0.0003990604742309354285298530897336556452300,0.0000594725733417444492880383987102029444202
4430,0.0003990794413667843059550952949641185784400,0.0000594079146715706719804386503445186958044
4435,0.0003990983675325246991157839064043679811000,0.0000593433964722307340057584843783749964442
4440,0.0003991172528607602089003260165244448912500,0.0000592790182863637983249789198497534331636
4445,0.0003991360974835232264535951826542154476600,0.0000592147796585921878082418832982900771980
4450,0.0003991549015322766085144245791491674897000,0.0000591506801355118038098797616338916606086
4455,0.0003991736651379181347828126238381647801300,0.0000590867192656806140766211427888076719898
4460,0.0003991923884307834858894083886764821882600,0.0000590228965996084176342896940335216254662
4465,0.0003992110715406481481276888397466991092300,0.0000589592116897462227828510081783180731674
4470,0.0003992297145967321124944830657498467139900,0.0000588956640904759030274913082294414038104
4475,0.0003992483177277006042160282753406701192500,0.0000588322533580993042099596104719874146778
4480,0.0003992668810616701206903733399481899813300,0.0000587689790508289641331682652797020840274
4485,0.0003992854047262081307960987679868933910400,0.0000587058407287767951059235787301278366946
4490,0.0003993038888483378853562582311550234986600,0.0000586428379539438472205804287681594328030
4495,0.0003993223335545408657191949686679185729800,0.0000585799702902111266764436820247952451978
4500,0.0003993407389707598955890457567885060344900,0.0000585172373033288678823336710746937338954
4505,0.0003993591052224018447164737779586149732900,0.0000584546385609066906384743655027402092620
4510,0.0003993774324343405930423062804451652255500,0.0000583921736324034814484082732438146981090
4515,0.0003993957207309190824397681455574929332500,0.0000583298420891175715813038075307578984056
4520,0.0003994139702359526129008923385409679611400,0.0000582676435041769634213688359212616312312
4525,0.0003994321810727334670378473464575484413100,0.0000582055774525299332214542053138527884184
4530,0.0003994503533640302001685354195656887320500,0.0000581436435109343877982352734091382740074
4535,0.0003994684872320924790516153862748891514000,0.0000580818412579496113296040882658442753090
4540,0.0003994865827986545525852124818088476726700,0.0000580201702739253645579570106450933658540
4545,0.0003995046401849365703743690854937808483300,0.0000579586301409932992134736579543909748016
4550,0.0003995226595116467755724954792625998967500,0.0000578972204430567985125592047102378315098
4555,0.0003995406408989856336937760373183423462000,0.0000578359407657821502681796078816127869984
4560,0.0003995585844666485474621556023995139597100,0.0000577747906965891003373103068784510670482
4565,0.0003995764903338279965400577915081027338800,0.0000577137698246414128715706576709029997190
4570,0.0003995943586192151356332680568881185026000,0.0000576528777408381782015435191946971918836
4575,0.0003996121894410038532053590006129827524600,0.0000575921140378032785489522968386168390384
4580,0.0003996299829168928654026406642045302019500,0.0000575314783098781050134035259383274415890
4585,0.0003996477391640890458308883406147210303400,0.0000574709701531114523484929466693694382312
4590,0.0003996654582993088079678817311137892608500,0.0000574105891652508758581061402243747545786
4595,0.0003996831404387808985425628859899522590200,0.0000573503349457331563869220724423790745442
4600,0.0003997007856982494121499471933891184304300,0.0000572902070956767727424369100265735756440
4605,0.0003997183941929766829597163926430305508800,0.0000572302052178713329501408556737961835250
4610,0.0003997359660377444325058559311027819528300,0.0000571703289167705169598702589641575494534
4615,0.0003997535013468572496497636348364447653300,0.0000571105777984822271426386947566866576534
4620,0.0003997710002341451811829135129422851550400,0.0000570509514707605131643466477232325121284
4625,0.0003997884628129664761787316039065040452900,0.0000569914495429963741045879705051743057374
4630,0.0003998058891962076109831941207232770915900,0.0000569320716262104493119547677746470685956
4635,0.0003998232794962896032791627808626308020800,0.0000568728173330429046564822309016625969104
4640,0.0003998406338251670462696272352041047465300,0.0000568136862777463187236669068495550915396
4645,0.0003998579522943326283175330761415796765500,0.0000567546780761763554809917400451387113338
4650,0.0003998752350148182201427953948458915095300,0.0000566957923457846173101525940036726129358
4655,0.0003998924820971975597481426015815645998500,0.0000566370287056090034430399809372771417622
4660,0.0003999096936515903404136626617270887153400,0.0000565783867762663095980599756946706062832
4665,0.0003999268697876613062651743707615019711700,0.0000565198661799441163633487411168968197406
4670,0.0003999440106146252918526273333096389466400,0.0000564614665403922276595831135248914644024
4675,0.0003999611162412476308741687278576152516400,0.0000564031874829146439252456244027624820796
4680,0.0003999781867758494909777446884597117781000,0.0000563450286343620488805749815367850954570
4685,0.0003999952223263050505004004163359871202400,0.0000562869896231230644397629683286738121134
4690,0.0004000122230000492081912798794741538290800,0.0000562290700791176331650251447114590116420
4695,0.0004000291889040762954249969795306200057300,0.0000561712696337871937890288903233929557868
4700,0.0004000461201449431311766677943671673678800,0.0000561135879200882490661464159534862218090
4705,0.0004000630168287735032419650171601395899600,0.0000560560245724852018413317525058978694768
4710,0.0004000798790612559108789895106351961491800,0.0000559985792269401066097699332566830159246
4715,0.0004000967069476499524591825356336955807100,0.0000559412515209079840818708781560634911842
4720,0.0004001135005927862494118869874751156403400,0.0000558840410933270314670416171794567497786
4725,0.0004001302601010693650320701741270948884900,0.0000558269475846119452098893715881499868078
4730,0.0004001469855764795304733512649167377872800,0.0000557699706366463580642007310723021792822
4735,0.0004001636771225764719487292441842926619000,0.0000557131098927752377801072500987589622176
4740,0.0004001803348424976649307535612775380156700,0.0000556563649977970631202002450834907649272
4745,0.0004001969588389658287165332216975764598300,0.0000555997355979575562944018941991014782578
4750,0.0004002135492142856849461956534159596706100,0.0000555432213409404861458095782289183723006
4755,0.0004002301060703504156916237178499022392500,0.0000554868218758624102760508157742379818906
4760,0.0004002466295086406979915464170435738198100,0.0000554305368532634937796341572340431577300
4765,0.0004002631196302284819096206511882968318900,0.0000553743659251021706825108370146579871682
4770,0.0004002795765357787349700080174234539099000,0.0000553183087447462021429858958707636367976
4775,0.0004002960003255508676598108829101308780100,0.0000552623649669670909070469001957721674674
4780,0.0004003123910994012326134231183149016921300,0.0000552065342479310794869527534112397787820
4785,0.0004003287489567855334855237713463212025400,0.0000551508162451949491229412024560190937268
4790,0.0004003450739967598375050763399556338891200,0.0000550952106176954641003607847498393986984
4795,0.0004003613663179837628629021637456026839900,0.0000550397170257455395230467486015925897004
4800,0.0004003776260187209213456357307963892743900,0.0000549843351310259171294613203035380545112
4805,0.0004003938531968434714589553648202804215200,0.0000549290645965779685540133693636715116374
4810,0.0004004100479498302393744956876675422734900,0.0000548739050867973393616478428115884277210
4815,0.0004004262103747726854942948372887625490200,0.0000548188562674277095076709804502639663764
4820,0.0004004423405683750364252849068140876425000,0.0000547639178055525822711966814865856194404
4825,0.0004004584386269539213855544709979223178300,0.0000547090893695900919816172598599898724888
4830,0.0004004745046464458319182725063383944329600,0.0000546543706292854049692399883721282973628
4835,0.0004004905387224029577110114861738563010100,0.0000545997612557042783831142856370711382944
4840,0.0004005065409499997946593836990585182773700,0.0000545452609212267335826446633361818570822
4845,0.0004005225114240321913925198409743278331100,0.0000544908692995402707237182059654215827818
4850,0.0004005384502389205900679927427415105428400,0.0000544365860656329232502511645110974133082
4855,0.0004005543574887108753460934284042410556200,0.0000543824108957878186009085298716999161726
4860,0.0004005702332670775779294030488739540030500,0.0000543283434675759994018241124505945902020
4865,0.0004005860776673237777221650892005907664100,0.0000542743834598499012729049416609342173518
4870,0.0004006018907823863253133627406999521295500,0.0000542205305527376698094370369881338392682
4875,0.0004006176727048321888276568756111736454000,0.0000541667844276359599085616742026417985560
4880,0.0004006334235268668892861424851029329265900,0.0000541131447672044953445144991359661339248
4885,0.0004006491433403298452524597923679081917100,0.0000540596112553592684727069688404285771760
4890,0.0004006648322367018857697827756172343965100,0.0000540061835772665613179570746581366660232
4895,0.0004006804903071020857611181174428698666800,0.0000539528614193365901333812025639842842702
4900,0.0004006961176422937437450492669788005243600,0.0000538996444692176071073508439768550553372
4905,0.0004007117143326828143323394425096853765300,0.0000538465324157896522495377462735759311442
4910,0.0004007272804683218410057154046887356509800,0.0000537935249491586163918456042374970061426
4915,0.0004007428161389099320428929923248082921700,0.0000537406217606496867816464107664127243984
4920,0.0004007583214337963181159864942921883376800,0.0000536878225428020717652661532695498346352
4925,0.0004007737964419811536821293158140681984800,0.0000536351269893628397026676780367252241098
4930,0.0004007892412521169460857443102996999657100,0.0000535825347952804829528473359127073529488
4935,0.0004008046559525102443601689979869524379800,0.0000535300456566998937657103996605627567718
4940,0.0004008200406311240027865321131891674215500,0.0000534776592709556752242528362834399094262
4945,0.0004008353953755792567594713816572162797800,0.0000534253753365672027870304813692343279110
4950,0.0004008507202731556882072229362634323143100,0.0000533731935532314088380979553238476099692
4955,0.0004008660154107947127218128176206855155200,0.0000533211136218185890899238209573974336090
4960,0.0004008812808750992821641918131870811393700,0.0000532691352443661884652750607648967308270
4965,0.0004008965167523379036180434274880775541600,0.0000532172581240726119614187745953730907042
4970,0.0004009117231284440166339104323936661325900,0.0000531654819652917073920154448011953714784
4975,0.0004009269000890190362431197462150752793000,0.0000531138064735279252544617396683341409442
4980,0.0004009420477193341846811279395388425000500,0.0000530622313554298294018532693967161416096
4985,0.0004009571661043303843220434759233894064700,0.0000530107563187850389015490881754214379608
4990,0.0004009722553286210816636552359307035541100,0.0000529593810725142342094179586036163927790
4995,0.0004009873154764933424490952627710276170500,0.0000529081053266662042261588543110898327066
5000,0.0004010023466319113331471083251755106259200,0.0000528569287924122060888779360841297660776
